file_name,ids
uploaded_files/SQL_Interview_Questions_The_Ultimate_Guide_1676098555.pdf,4f20fae0-2b53-11ee-8019-060f7eab5501
uploaded_files/SQL_Interview_Questions_The_Ultimate_Guide_1676098555.pdf,4f20fbee-2b53-11ee-8019-060f7eab5501
uploaded_files/SQL_Interview_Questions_The_Ultimate_Guide_1676098555.pdf,4f20fc2a-2b53-11ee-8019-060f7eab5501
uploaded_files/SQL_Interview_Questions_The_Ultimate_Guide_1676098555.pdf,4f20fc52-2b53-11ee-8019-060f7eab5501
uploaded_files/SQL_Interview_Questions_The_Ultimate_Guide_1676098555.pdf,4f20fc70-2b53-11ee-8019-060f7eab5501
uploaded_files/SQL_Interview_Questions_The_Ultimate_Guide_1676098555.pdf,4f20fc98-2b53-11ee-8019-060f7eab5501
uploaded_files/SQL_Interview_Questions_The_Ultimate_Guide_1676098555.pdf,4f20fcb6-2b53-11ee-8019-060f7eab5501
uploaded_files/SQL_Interview_Questions_The_Ultimate_Guide_1676098555.pdf,4f20fcde-2b53-11ee-8019-060f7eab5501
uploaded_files/SQL_Interview_Questions_The_Ultimate_Guide_1676098555.pdf,4f20fcfc-2b53-11ee-8019-060f7eab5501
uploaded_files/SQL_Interview_Questions_The_Ultimate_Guide_1676098555.pdf,4f20fd1a-2b53-11ee-8019-060f7eab5501
uploaded_files/SQL_Interview_Questions_The_Ultimate_Guide_1676098555.pdf,4f20fd38-2b53-11ee-8019-060f7eab5501
uploaded_files/SQL_Interview_Questions_The_Ultimate_Guide_1676098555.pdf,4f20fd56-2b53-11ee-8019-060f7eab5501
uploaded_files/SQL_Interview_Questions_The_Ultimate_Guide_1676098555.pdf,4f20fd74-2b53-11ee-8019-060f7eab5501
uploaded_files/SQL_Interview_Questions_The_Ultimate_Guide_1676098555.pdf,4f20fd9c-2b53-11ee-8019-060f7eab5501
uploaded_files/SQL_Interview_Questions_The_Ultimate_Guide_1676098555.pdf,4f20fdba-2b53-11ee-8019-060f7eab5501
uploaded_files/SQL_Interview_Questions_The_Ultimate_Guide_1676098555.pdf,4f20fdd8-2b53-11ee-8019-060f7eab5501
uploaded_files/SQL_Interview_Questions_The_Ultimate_Guide_1676098555.pdf,4f20fdf6-2b53-11ee-8019-060f7eab5501
uploaded_files/SQL_Interview_Questions_The_Ultimate_Guide_1676098555.pdf,4f20fe14-2b53-11ee-8019-060f7eab5501
uploaded_files/SQL_Interview_Questions_The_Ultimate_Guide_1676098555.pdf,4f20fe32-2b53-11ee-8019-060f7eab5501
uploaded_files/SQL_Interview_Questions_The_Ultimate_Guide_1676098555.pdf,4f20fe50-2b53-11ee-8019-060f7eab5501
uploaded_files/SQL_Interview_Questions_The_Ultimate_Guide_1676098555.pdf,4f20fe6e-2b53-11ee-8019-060f7eab5501
uploaded_files/SQL_Interview_Questions_The_Ultimate_Guide_1676098555.pdf,4f20fe8c-2b53-11ee-8019-060f7eab5501
uploaded_files/SQL_Interview_Questions_The_Ultimate_Guide_1676098555.pdf,4f20feaa-2b53-11ee-8019-060f7eab5501
uploaded_files/SQL_Interview_Questions_The_Ultimate_Guide_1676098555.pdf,4f20fec8-2b53-11ee-8019-060f7eab5501
uploaded_files/SQL_Interview_Questions_The_Ultimate_Guide_1676098555.pdf,4f20fee6-2b53-11ee-8019-060f7eab5501
uploaded_files/SQL_Interview_Questions_The_Ultimate_Guide_1676098555.pdf,4f20ff0e-2b53-11ee-8019-060f7eab5501
uploaded_files/SQL_Interview_Questions_The_Ultimate_Guide_1676098555.pdf,4f20ff2c-2b53-11ee-8019-060f7eab5501
uploaded_files/SQL_Interview_Questions_The_Ultimate_Guide_1676098555.pdf,4f20ff4a-2b53-11ee-8019-060f7eab5501
uploaded_files/SQL_Interview_Questions_The_Ultimate_Guide_1676098555.pdf,4f20ff68-2b53-11ee-8019-060f7eab5501
uploaded_files/SQL_Interview_Questions_The_Ultimate_Guide_1676098555.pdf,4f20ff86-2b53-11ee-8019-060f7eab5501
uploaded_files/SQL_Interview_Questions_The_Ultimate_Guide_1676098555.pdf,4f20ffa4-2b53-11ee-8019-060f7eab5501
uploaded_files/SQL_Interview_Questions_The_Ultimate_Guide_1676098555.pdf,4f20ffc2-2b53-11ee-8019-060f7eab5501
uploaded_files/SQL_Interview_Questions_The_Ultimate_Guide_1676098555.pdf,4f20ffe0-2b53-11ee-8019-060f7eab5501
uploaded_files/SQL_Interview_Questions_The_Ultimate_Guide_1676098555.pdf,4f210008-2b53-11ee-8019-060f7eab5501
uploaded_files/SQL_Interview_Questions_The_Ultimate_Guide_1676098555.pdf,4f210026-2b53-11ee-8019-060f7eab5501
uploaded_files/SQL_Interview_Questions_The_Ultimate_Guide_1676098555.pdf,4f210044-2b53-11ee-8019-060f7eab5501
uploaded_files/SQL_Interview_Questions_The_Ultimate_Guide_1676098555.pdf,4f210062-2b53-11ee-8019-060f7eab5501
uploaded_files/SQL_Interview_Questions_The_Ultimate_Guide_1676098555.pdf,4f210080-2b53-11ee-8019-060f7eab5501
uploaded_files/SQL_Interview_Questions_The_Ultimate_Guide_1676098555.pdf,4f21009e-2b53-11ee-8019-060f7eab5501
uploaded_files/SQL_Interview_Questions_The_Ultimate_Guide_1676098555.pdf,4f2100bc-2b53-11ee-8019-060f7eab5501
uploaded_files/SQL_Interview_Questions_The_Ultimate_Guide_1676098555.pdf,4f2100da-2b53-11ee-8019-060f7eab5501
uploaded_files/SQL_Interview_Questions_The_Ultimate_Guide_1676098555.pdf,4f210102-2b53-11ee-8019-060f7eab5501
uploaded_files/SQL_Interview_Questions_The_Ultimate_Guide_1676098555.pdf,4f210120-2b53-11ee-8019-060f7eab5501
uploaded_files/SQL_Interview_Questions_The_Ultimate_Guide_1676098555.pdf,4f21013e-2b53-11ee-8019-060f7eab5501
uploaded_files/SQL_Interview_Questions_The_Ultimate_Guide_1676098555.pdf,4f21015c-2b53-11ee-8019-060f7eab5501
uploaded_files/SQL_Interview_Questions_The_Ultimate_Guide_1676098555.pdf,4f21017a-2b53-11ee-8019-060f7eab5501
uploaded_files/SQL_Interview_Questions_The_Ultimate_Guide_1676098555.pdf,4f210198-2b53-11ee-8019-060f7eab5501
uploaded_files/SQL_Interview_Questions_The_Ultimate_Guide_1676098555.pdf,4f2101b6-2b53-11ee-8019-060f7eab5501
uploaded_files/SQL_Interview_Questions_The_Ultimate_Guide_1676098555.pdf,4f2101d4-2b53-11ee-8019-060f7eab5501
uploaded_files/SQL_Interview_Questions_The_Ultimate_Guide_1676098555.pdf,4f2101f2-2b53-11ee-8019-060f7eab5501
uploaded_files/SQL_Interview_Questions_The_Ultimate_Guide_1676098555.pdf,4f210210-2b53-11ee-8019-060f7eab5501
uploaded_files/SQL_Interview_Questions_The_Ultimate_Guide_1676098555.pdf,4f210238-2b53-11ee-8019-060f7eab5501
uploaded_files/SQL_Interview_Questions_The_Ultimate_Guide_1676098555.pdf,4f210256-2b53-11ee-8019-060f7eab5501
uploaded_files/SQL_Interview_Questions_The_Ultimate_Guide_1676098555.pdf,4f210274-2b53-11ee-8019-060f7eab5501
uploaded_files/SQL_Interview_Questions_The_Ultimate_Guide_1676098555.pdf,4f210292-2b53-11ee-8019-060f7eab5501
uploaded_files/SQL_Interview_Questions_The_Ultimate_Guide_1676098555.pdf,4f2102b0-2b53-11ee-8019-060f7eab5501
uploaded_files/SQL_Interview_Questions_The_Ultimate_Guide_1676098555.pdf,4f2102ce-2b53-11ee-8019-060f7eab5501
uploaded_files/SQL_Interview_Questions_The_Ultimate_Guide_1676098555.pdf,4f2102ec-2b53-11ee-8019-060f7eab5501
uploaded_files/SQL_Interview_Questions_The_Ultimate_Guide_1676098555.pdf,4f21030a-2b53-11ee-8019-060f7eab5501
uploaded_files/SQL_Interview_Questions_The_Ultimate_Guide_1676098555.pdf,4f210328-2b53-11ee-8019-060f7eab5501
uploaded_files/SQL_Interview_Questions_The_Ultimate_Guide_1676098555.pdf,4f210346-2b53-11ee-8019-060f7eab5501
uploaded_files/SQL_Interview_Questions_The_Ultimate_Guide_1676098555.pdf,4f21036e-2b53-11ee-8019-060f7eab5501
uploaded_files/SQL_Interview_Questions_The_Ultimate_Guide_1676098555.pdf,4f21038c-2b53-11ee-8019-060f7eab5501
uploaded_files/qsr_conversation.pdf,39084a18-2d99-11ee-99d5-060f7eab5501
uploaded_files/qsr_conversation.pdf,39084af4-2d99-11ee-99d5-060f7eab5501
uploaded_files/qsr_conversation.pdf,39084b30-2d99-11ee-99d5-060f7eab5501
uploaded_files/qsr_conversation.pdf,39084b58-2d99-11ee-99d5-060f7eab5501
uploaded_files/qsr_conversation.pdf,39084b76-2d99-11ee-99d5-060f7eab5501
uploaded_files/qsr_conversation.pdf,39084b9e-2d99-11ee-99d5-060f7eab5501
uploaded_files/qsr_conversation.pdf,39084bbc-2d99-11ee-99d5-060f7eab5501
uploaded_files/qsr_conversation.pdf,39084be4-2d99-11ee-99d5-060f7eab5501
uploaded_files/qsr_conversation.pdf,39084c02-2d99-11ee-99d5-060f7eab5501
uploaded_files/qsr_conversation.pdf,39084c20-2d99-11ee-99d5-060f7eab5501
uploaded_files/qsr_conversation.pdf,39084c3e-2d99-11ee-99d5-060f7eab5501
uploaded_files/qsr_conversation.pdf,a3e540b6-3717-11ee-9a41-060f7eab5501
uploaded_files/qsr_conversation.pdf,a3e541a6-3717-11ee-9a41-060f7eab5501
uploaded_files/qsr_conversation.pdf,a3e541e2-3717-11ee-9a41-060f7eab5501
uploaded_files/qsr_conversation.pdf,a3e5420a-3717-11ee-9a41-060f7eab5501
uploaded_files/qsr_conversation.pdf,a3e54232-3717-11ee-9a41-060f7eab5501
uploaded_files/qsr_conversation.pdf,a3e54250-3717-11ee-9a41-060f7eab5501
uploaded_files/qsr_conversation.pdf,a3e54278-3717-11ee-9a41-060f7eab5501
uploaded_files/qsr_conversation.pdf,a3e54296-3717-11ee-9a41-060f7eab5501
uploaded_files/qsr_conversation.pdf,a3e542b4-3717-11ee-9a41-060f7eab5501
uploaded_files/qsr_conversation.pdf,a3e542d2-3717-11ee-9a41-060f7eab5501
uploaded_files/qsr_conversation.pdf,a3e542fa-3717-11ee-9a41-060f7eab5501
uploaded_files/1706.03762.pdf,a9c0345a-3717-11ee-850f-060f7eab5501
uploaded_files/1706.03762.pdf,a9c03572-3717-11ee-850f-060f7eab5501
uploaded_files/1706.03762.pdf,a9c035ae-3717-11ee-850f-060f7eab5501
uploaded_files/1706.03762.pdf,a9c035d6-3717-11ee-850f-060f7eab5501
uploaded_files/1706.03762.pdf,a9c035f4-3717-11ee-850f-060f7eab5501
uploaded_files/1706.03762.pdf,a9c03612-3717-11ee-850f-060f7eab5501
uploaded_files/1706.03762.pdf,a9c0363a-3717-11ee-850f-060f7eab5501
uploaded_files/1706.03762.pdf,a9c03658-3717-11ee-850f-060f7eab5501
uploaded_files/1706.03762.pdf,a9c03676-3717-11ee-850f-060f7eab5501
uploaded_files/1706.03762.pdf,a9c03694-3717-11ee-850f-060f7eab5501
uploaded_files/1706.03762.pdf,a9c036b2-3717-11ee-850f-060f7eab5501
uploaded_files/1706.03762.pdf,a9c036d0-3717-11ee-850f-060f7eab5501
uploaded_files/1706.03762.pdf,a9c036ee-3717-11ee-850f-060f7eab5501
uploaded_files/1706.03762.pdf,a9c0370c-3717-11ee-850f-060f7eab5501
uploaded_files/1706.03762.pdf,a9c0372a-3717-11ee-850f-060f7eab5501
uploaded_files/1706.03762.pdf,a9c03748-3717-11ee-850f-060f7eab5501
uploaded_files/1706.03762.pdf,a9c03766-3717-11ee-850f-060f7eab5501
uploaded_files/1706.03762.pdf,a9c03784-3717-11ee-850f-060f7eab5501
uploaded_files/1706.03762.pdf,a9c037a2-3717-11ee-850f-060f7eab5501
uploaded_files/1706.03762.pdf,a9c037c0-3717-11ee-850f-060f7eab5501
uploaded_files/1706.03762.pdf,a9c037de-3717-11ee-850f-060f7eab5501
uploaded_files/1706.03762.pdf,a9c037fc-3717-11ee-850f-060f7eab5501
uploaded_files/1706.03762.pdf,a9c03824-3717-11ee-850f-060f7eab5501
uploaded_files/1706.03762.pdf,a9c03842-3717-11ee-850f-060f7eab5501
uploaded_files/1706.03762.pdf,a9c03860-3717-11ee-850f-060f7eab5501
uploaded_files/1706.03762.pdf,a9c0387e-3717-11ee-850f-060f7eab5501
uploaded_files/1706.03762.pdf,a9c0389c-3717-11ee-850f-060f7eab5501
uploaded_files/1706.03762.pdf,a9c038ba-3717-11ee-850f-060f7eab5501
uploaded_files/1706.03762.pdf,a9c038d8-3717-11ee-850f-060f7eab5501
uploaded_files/1706.03762.pdf,a9c038f6-3717-11ee-850f-060f7eab5501
uploaded_files/1706.03762.pdf,a9c03914-3717-11ee-850f-060f7eab5501
uploaded_files/1706.03762.pdf,a9c03932-3717-11ee-850f-060f7eab5501
uploaded_files/1706.03762.pdf,a9c03950-3717-11ee-850f-060f7eab5501
uploaded_files/1706.03762.pdf,a9c0396e-3717-11ee-850f-060f7eab5501
uploaded_files/1706.03762.pdf,a9c0398c-3717-11ee-850f-060f7eab5501
uploaded_files/1706.03762.pdf,a9c039aa-3717-11ee-850f-060f7eab5501
uploaded_files/1706.03762.pdf,a9c039c8-3717-11ee-850f-060f7eab5501
uploaded_files/1706.03762.pdf,a9c039e6-3717-11ee-850f-060f7eab5501
uploaded_files/1706.03762.pdf,a9c03a04-3717-11ee-850f-060f7eab5501
uploaded_files/1706.03762.pdf,a9c03a22-3717-11ee-850f-060f7eab5501
uploaded_files/1706.03762.pdf,a9c03a40-3717-11ee-850f-060f7eab5501
uploaded_files/1706.03762.pdf,a9c03a5e-3717-11ee-850f-060f7eab5501
uploaded_files/1706.03762.pdf,a9c03a86-3717-11ee-850f-060f7eab5501
uploaded_files/1706.03762.pdf,a9c03aa4-3717-11ee-850f-060f7eab5501
uploaded_files/1706.03762.pdf,a9c03ac2-3717-11ee-850f-060f7eab5501
uploaded_files/1706.03762.pdf,a9c03ae0-3717-11ee-850f-060f7eab5501
uploaded_files/1706.03762.pdf,a9c03afe-3717-11ee-850f-060f7eab5501
uploaded_files/1706.03762.pdf,a9c03b1c-3717-11ee-850f-060f7eab5501
uploaded_files/1706.03762.pdf,a9c03b3a-3717-11ee-850f-060f7eab5501
uploaded_files/1706.03762.pdf,a9c03b58-3717-11ee-850f-060f7eab5501
uploaded_files/1706.03762.pdf,a9c03b76-3717-11ee-850f-060f7eab5501
uploaded_files/lora.pdf,cf20eda0-3868-11ee-899a-060f7eab5501
uploaded_files/lora.pdf,cf20eeb8-3868-11ee-899a-060f7eab5501
uploaded_files/lora.pdf,cf20eeea-3868-11ee-899a-060f7eab5501
uploaded_files/lora.pdf,cf20ef12-3868-11ee-899a-060f7eab5501
uploaded_files/lora.pdf,cf20ef3a-3868-11ee-899a-060f7eab5501
uploaded_files/lora.pdf,cf20ef58-3868-11ee-899a-060f7eab5501
uploaded_files/lora.pdf,cf20ef76-3868-11ee-899a-060f7eab5501
uploaded_files/lora.pdf,cf20ef94-3868-11ee-899a-060f7eab5501
uploaded_files/lora.pdf,cf20efb2-3868-11ee-899a-060f7eab5501
uploaded_files/lora.pdf,cf20efd0-3868-11ee-899a-060f7eab5501
uploaded_files/lora.pdf,cf20efee-3868-11ee-899a-060f7eab5501
uploaded_files/lora.pdf,cf217158-3868-11ee-899a-060f7eab5501
uploaded_files/lora.pdf,cf21727a-3868-11ee-899a-060f7eab5501
uploaded_files/lora.pdf,cf2172ac-3868-11ee-899a-060f7eab5501
uploaded_files/lora.pdf,cf2172d4-3868-11ee-899a-060f7eab5501
uploaded_files/lora.pdf,cf2172f2-3868-11ee-899a-060f7eab5501
uploaded_files/lora.pdf,cf21731a-3868-11ee-899a-060f7eab5501
uploaded_files/lora.pdf,cf217338-3868-11ee-899a-060f7eab5501
uploaded_files/lora.pdf,cf217360-3868-11ee-899a-060f7eab5501
uploaded_files/lora.pdf,cf21737e-3868-11ee-899a-060f7eab5501
uploaded_files/lora.pdf,cf21739c-3868-11ee-899a-060f7eab5501
uploaded_files/lora.pdf,cf2173ba-3868-11ee-899a-060f7eab5501
uploaded_files/lora.pdf,cf2173e2-3868-11ee-899a-060f7eab5501
uploaded_files/lora.pdf,cf217400-3868-11ee-899a-060f7eab5501
uploaded_files/lora.pdf,cf21741e-3868-11ee-899a-060f7eab5501
uploaded_files/lora.pdf,cf217446-3868-11ee-899a-060f7eab5501
uploaded_files/lora.pdf,cf217464-3868-11ee-899a-060f7eab5501
uploaded_files/lora.pdf,cf217482-3868-11ee-899a-060f7eab5501
uploaded_files/lora.pdf,cf2174a0-3868-11ee-899a-060f7eab5501
uploaded_files/lora.pdf,cf2174be-3868-11ee-899a-060f7eab5501
uploaded_files/lora.pdf,cf2174dc-3868-11ee-899a-060f7eab5501
uploaded_files/lora.pdf,cf217504-3868-11ee-899a-060f7eab5501
uploaded_files/lora.pdf,cf217522-3868-11ee-899a-060f7eab5501
uploaded_files/lora.pdf,cf217540-3868-11ee-899a-060f7eab5501
uploaded_files/lora.pdf,cf217568-3868-11ee-899a-060f7eab5501
uploaded_files/lora.pdf,cf217586-3868-11ee-899a-060f7eab5501
uploaded_files/lora.pdf,cf2175a4-3868-11ee-899a-060f7eab5501
uploaded_files/lora.pdf,cf2175c2-3868-11ee-899a-060f7eab5501
uploaded_files/lora.pdf,cf2175ea-3868-11ee-899a-060f7eab5501
uploaded_files/lora.pdf,cf217608-3868-11ee-899a-060f7eab5501
uploaded_files/lora.pdf,cf217626-3868-11ee-899a-060f7eab5501
uploaded_files/lora.pdf,cf21764e-3868-11ee-899a-060f7eab5501
uploaded_files/lora.pdf,cf21766c-3868-11ee-899a-060f7eab5501
uploaded_files/lora.pdf,cf21768a-3868-11ee-899a-060f7eab5501
uploaded_files/lora.pdf,cf2176a8-3868-11ee-899a-060f7eab5501
uploaded_files/lora.pdf,cf2176c6-3868-11ee-899a-060f7eab5501
uploaded_files/lora.pdf,cf2176e4-3868-11ee-899a-060f7eab5501
uploaded_files/lora.pdf,cf21770c-3868-11ee-899a-060f7eab5501
uploaded_files/lora.pdf,cf21772a-3868-11ee-899a-060f7eab5501
uploaded_files/lora.pdf,cf217748-3868-11ee-899a-060f7eab5501
uploaded_files/lora.pdf,cf217766-3868-11ee-899a-060f7eab5501
uploaded_files/lora.pdf,cf217784-3868-11ee-899a-060f7eab5501
uploaded_files/lora.pdf,cf2177a2-3868-11ee-899a-060f7eab5501
uploaded_files/lora.pdf,cf2177ca-3868-11ee-899a-060f7eab5501
uploaded_files/lora.pdf,cf2177e8-3868-11ee-899a-060f7eab5501
uploaded_files/lora.pdf,cf217806-3868-11ee-899a-060f7eab5501
uploaded_files/lora.pdf,cf217824-3868-11ee-899a-060f7eab5501
uploaded_files/lora.pdf,cf217842-3868-11ee-899a-060f7eab5501
uploaded_files/lora.pdf,cf217860-3868-11ee-899a-060f7eab5501
uploaded_files/lora.pdf,cf21787e-3868-11ee-899a-060f7eab5501
uploaded_files/lora.pdf,cf21789c-3868-11ee-899a-060f7eab5501
uploaded_files/lora.pdf,cf2178c4-3868-11ee-899a-060f7eab5501
uploaded_files/lora.pdf,cf2178e2-3868-11ee-899a-060f7eab5501
uploaded_files/lora.pdf,cf217900-3868-11ee-899a-060f7eab5501
uploaded_files/lora.pdf,cf21791e-3868-11ee-899a-060f7eab5501
uploaded_files/lora.pdf,cf217946-3868-11ee-899a-060f7eab5501
uploaded_files/lora.pdf,cf21796e-3868-11ee-899a-060f7eab5501
uploaded_files/lora.pdf,cf21798c-3868-11ee-899a-060f7eab5501
uploaded_files/lora.pdf,cf2179aa-3868-11ee-899a-060f7eab5501
uploaded_files/lora.pdf,cf2179c8-3868-11ee-899a-060f7eab5501
uploaded_files/lora.pdf,cf2179e6-3868-11ee-899a-060f7eab5501
uploaded_files/lora.pdf,cf217a04-3868-11ee-899a-060f7eab5501
uploaded_files/lora.pdf,cf217a22-3868-11ee-899a-060f7eab5501
uploaded_files/lora.pdf,cf217a4a-3868-11ee-899a-060f7eab5501
uploaded_files/lora.pdf,cf217a68-3868-11ee-899a-060f7eab5501
uploaded_files/lora.pdf,cf217a86-3868-11ee-899a-060f7eab5501
uploaded_files/lora.pdf,cf217aa4-3868-11ee-899a-060f7eab5501
uploaded_files/lora.pdf,cf217ad6-3868-11ee-899a-060f7eab5501
uploaded_files/lora.pdf,cf217af4-3868-11ee-899a-060f7eab5501
uploaded_files/lora.pdf,cf217b12-3868-11ee-899a-060f7eab5501
uploaded_files/lora.pdf,cf217b30-3868-11ee-899a-060f7eab5501
uploaded_files/lora.pdf,cf217b58-3868-11ee-899a-060f7eab5501
uploaded_files/lora.pdf,cf217b76-3868-11ee-899a-060f7eab5501
uploaded_files/lora.pdf,cf217b94-3868-11ee-899a-060f7eab5501
uploaded_files/lora.pdf,cf217bb2-3868-11ee-899a-060f7eab5501
uploaded_files/lora.pdf,cf217bd0-3868-11ee-899a-060f7eab5501
uploaded_files/lora.pdf,cf217bee-3868-11ee-899a-060f7eab5501
uploaded_files/lora.pdf,cf217c0c-3868-11ee-899a-060f7eab5501
uploaded_files/lora.pdf,cf217c2a-3868-11ee-899a-060f7eab5501
uploaded_files/lora.pdf,cf217c52-3868-11ee-899a-060f7eab5501
uploaded_files/lora.pdf,cf217c70-3868-11ee-899a-060f7eab5501
uploaded_files/lora.pdf,cf217c8e-3868-11ee-899a-060f7eab5501
uploaded_files/lora.pdf,cf217cac-3868-11ee-899a-060f7eab5501
uploaded_files/lora.pdf,cf217cd4-3868-11ee-899a-060f7eab5501
uploaded_files/lora.pdf,cf217cf2-3868-11ee-899a-060f7eab5501
uploaded_files/lora.pdf,cf217d1a-3868-11ee-899a-060f7eab5501
uploaded_files/lora.pdf,cf217d38-3868-11ee-899a-060f7eab5501
uploaded_files/lora.pdf,cf217d56-3868-11ee-899a-060f7eab5501
uploaded_files/lora.pdf,cf217d74-3868-11ee-899a-060f7eab5501
uploaded_files/lora.pdf,cf217d92-3868-11ee-899a-060f7eab5501
uploaded_files/lora.pdf,cf217db0-3868-11ee-899a-060f7eab5501
uploaded_files/lora.pdf,cf217dce-3868-11ee-899a-060f7eab5501
uploaded_files/lora.pdf,cf217df6-3868-11ee-899a-060f7eab5501
uploaded_files/lora.pdf,cf217e14-3868-11ee-899a-060f7eab5501
uploaded_files/lora.pdf,cf217e32-3868-11ee-899a-060f7eab5501
uploaded_files/lora.pdf,cf217e50-3868-11ee-899a-060f7eab5501
uploaded_files/lora.pdf,cf217e78-3868-11ee-899a-060f7eab5501
uploaded_files/lora.pdf,cf217ea0-3868-11ee-899a-060f7eab5501
uploaded_files/lora.pdf,cf217ebe-3868-11ee-899a-060f7eab5501
uploaded_files/lora.pdf,cf217f04-3868-11ee-899a-060f7eab5501
